scenario_family,n,accuracy,balanced_accuracy,roc_auc,avg_precision,f1,precision,recall
financial_qa,164,0.7621951219512195,0.7621951219512195,0.8306067816775728,0.8526161387774985,0.7636363636363637,0.7590361445783133,0.7682926829268293
legitimate_sms,160,0.7375,0.7375,0.86609375,0.8771906085822593,0.7613636363636364,0.6979166666666666,0.8375
fraud_sms_deceptive,172,0.8255813953488372,0.8255813953488372,0.9288804759329368,0.9238092713897912,0.8275862068965517,0.8181818181818182,0.8372093023255814
legitimate_email,400,0.9625,0.9624999999999999,0.9913749999999999,0.9873775923410765,0.9631449631449631,0.9468599033816425,0.98
phishing_email,600,0.9616666666666667,0.9616666666666667,0.9977,0.9979350910398987,0.9629629629629629,0.9314641744548287,0.9966666666666667
advance_fee_scam_email,320,0.99375,0.99375,0.9999609375,0.9999611801242236,0.9937888198757764,0.9876543209876543,1.0
