split,roc_auc,avg_precision
val,0.9586121339947526,0.9326747553355437
