feature,mi_label
flesch_kincaid_grade,0.13233090830246996
smog_index,0.11845205273158776
digit_ratio,0.116919149609789
space_ratio,0.10775747281513137
char_entropy,0.10489501227229958
punct_ratio,0.10352289573521434
tiktoken_len,0.09119054665046744
coleman_liau_index,0.0867500224023916
mean_word_len,0.08181384173157236
flesch_reading_ease,0.08041198873778987
char_len,0.07374561179422101
word_len_ws,0.06725350646296357
upper_ratio,0.06431371963455712
ttr,0.04125881687828725
