PC,explained_variance_ratio
PC1,0.3542254805506006
PC2,0.1784713292226706
