,enron_spam_%,sa_spam_%
flag_hit_419,4.664841884572827,6.650470695414516
flag_hit_phish,12.264865179663387,39.75098694199818
flag_hit_malware,2.364451691805952,2.7027027027027026
flag_hit_promo,20.511327237784638,42.0589128454297
flag_hit_lottery,4.064993302661464,5.25356817491649
