,enron_ham_%,sa_ham_%
hflag_hit_service,1.1967361740707163,0.8717948717948718
hflag_hit_info,47.57932910244787,5.384615384615385
hflag_hit_business,63.614385010577216,5.17948717948718
hflag_hit_personal,7.911755817467513,4.282051282051282
